<?xml version="1.0" encoding="UTF-8"?>
<assetData xmlns="http://www.sec.gov/edgar/document/absee/cmbs/assetdata" xmlns:xsi="http://www.w3.org/2001/XMLSchema-instance" >
 <assets>
  <assetTypeNumber>Prospectus Loan ID</assetTypeNumber>
  <assetNumber>1</assetNumber>
  <reportingPeriodBeginningDate>05-12-2016</reportingPeriodBeginningDate>
  <reportingPeriodEndDate>06-11-2016</reportingPeriodEndDate>
  <originatorName>WFB</originatorName>
  <originationDate>08-05-2015</originationDate>
  <originalLoanAmount>70000000.00</originalLoanAmount>
  <originalTermLoanNumber>120</originalTermLoanNumber>
  <maturityDate>08-11-2025</maturityDate>
  <originalAmortizationTermNumber>0</originalAmortizationTermNumber>
  <originalInterestRatePercentage>0.0417</originalInterestRatePercentage>
  <interestRateSecuritizationPercentage>0.0417</interestRateSecuritizationPercentage>
  <interestAccrualMethodCode>3</interestAccrualMethodCode>
  <originalInterestRateTypeCode>1</originalInterestRateTypeCode>
  <originalInterestOnlyTermNumber>120</originalInterestOnlyTermNumber>
  <firstLoanPaymentDueDate>09-09-2015</firstLoanPaymentDueDate>
  <underwritingIndicator>true</underwritingIndicator>
  <lienPositionSecuritizationCode>1</lienPositionSecuritizationCode>
  <loanStructureCode>A1</loanStructureCode>
  <paymentTypeCode>3</paymentTypeCode>
  <periodicPrincipalAndInterestPaymentSecuritizationAmount>247304.17</periodicPrincipalAndInterestPaymentSecuritizationAmount>
  <scheduledPrincipalBalanceSecuritizationAmount>70000000.00</scheduledPrincipalBalanceSecuritizationAmount>
  <paymentFrequencyCode>1</paymentFrequencyCode>
  <NumberPropertiesSecuritization>1</NumberPropertiesSecuritization>
  <NumberProperties>1</NumberProperties>
  <graceDaysAllowedNumber>5</graceDaysAllowedNumber>
  <interestOnlyIndicator>true</interestOnlyIndicator>
  <balloonIndicator>true</balloonIndicator>
  <prepaymentPremiumIndicator>true</prepaymentPremiumIndicator>
  <negativeAmortizationIndicator>false</negativeAmortizationIndicator>
  <modifiedIndicator>false</modifiedIndicator>
  <prepaymentLockOutEndDate>12-01-2020</prepaymentLockOutEndDate>
  <yieldMaintenanceEndDate>11-30-2020</yieldMaintenanceEndDate>
  <prepaymentPremiumsEndDate>11-30-2020</prepaymentPremiumsEndDate>
  <property>
   <propertyName>745 Atlantic Avenue</propertyName>
   <propertyAddress>745 Atlantic Avenue</propertyAddress>
   <propertyCity>Boston</propertyCity>
   <propertyState>MA</propertyState>
   <propertyZip>02111</propertyZip>
   <propertyCounty>Morris</propertyCounty>
   <propertyTypeCode>OF</propertyTypeCode>
   <netRentableSquareFeetNumber>174231</netRentableSquareFeetNumber>
   <netRentableSquareFeetSecuritizationNumber>174231</netRentableSquareFeetSecuritizationNumber>
   <unitsBedsRoomsNumber>0</unitsBedsRoomsNumber>
   <unitsBedsRoomsSecuritizationNumber>0</unitsBedsRoomsSecuritizationNumber>
   <yearBuiltNumber>1988</yearBuiltNumber>
   <yearLastRenovated>2014</yearLastRenovated>
   <valuationSecuritizationAmount>114800000.00</valuationSecuritizationAmount>
   <valuationSourceSecuritizationCode>MAI</valuationSourceSecuritizationCode>
   <valuationSecuritizationDate>05-20-2016</valuationSecuritizationDate>
   <physicalOccupancySecuritizationPercentage>0.999</physicalOccupancySecuritizationPercentage>
   <mostRecentPhysicalOccupancyPercentage>0.999</mostRecentPhysicalOccupancyPercentage>
   <propertyStatusCode>6</propertyStatusCode>
   <defeasanceOptionStartDate>12-01-2018</defeasanceOptionStartDate>
   <DefeasedStatusCode>N</DefeasedStatusCode>
   <largestTenant>WeWork</largestTenant>
   <squareFeetLargestTenantNumber>131171</squareFeetLargestTenantNumber>
   <leaseExpirationLargestTenantDate>04-30-2029</leaseExpirationLargestTenantDate>
   <secondLargestTenant>Cambridge Consultants</secondLargestTenant>
   <squareFeetSecondLargestTenantNumber>30781</squareFeetSecondLargestTenantNumber>
   <leaseExpirationSecondLargestTenantDate>06-30-2024</leaseExpirationSecondLargestTenantDate>
   <thirdLargestTenant>Dain, Torpy, Le Ray, Weist &amp; Garner, PC</thirdLargestTenant>
   <squareFeetThirdLargestTenantNumber>9848</squareFeetThirdLargestTenantNumber>
   <leaseExpirationThirdLargestTenantDate>11-30-2021</leaseExpirationThirdLargestTenantDate>
   <financialsSecuritizationDate>01-01-2015</financialsSecuritizationDate>
   <mostRecentFinancialsStartDate>01-01-2015</mostRecentFinancialsStartDate>
   <mostRecentFinancialsEndDate>03-31-2015</mostRecentFinancialsEndDate>
   <revenueSecuritizationAmount>8747978.00</revenueSecuritizationAmount>
   <mostRecentRevenueAmount>2915563.00</mostRecentRevenueAmount>
   <operatingExpensesSecuritizationAmount>3107951.00</operatingExpensesSecuritizationAmount>
   <operatingExpensesAmount>2983882.00</operatingExpensesAmount>
   <netOperatingIncomeSecuritizationAmount>5640027.00</netOperatingIncomeSecuritizationAmount>
   <mostRecentNetOperatingIncomeAmount>-68319.00</mostRecentNetOperatingIncomeAmount>
   <netCashFlowFlowSecuritizationAmount>5299596.00</netCashFlowFlowSecuritizationAmount>
   <mostRecentNetCashFlowAmount>-68319.00</mostRecentNetCashFlowAmount>
   <netOperatingIncomeNetCashFlowSecuritizationCode>UW</netOperatingIncomeNetCashFlowSecuritizationCode>
   <netOperatingIncomeNetCashFlowCode>UW</netOperatingIncomeNetCashFlowCode>
   <mostRecentDebtServiceAmount>247304.17</mostRecentDebtServiceAmount>
   <debtServiceCoverageNetOperatingIncomeSecuritizationPercentage>1.9</debtServiceCoverageNetOperatingIncomeSecuritizationPercentage>
   <mostRecentDebtServiceCoverageNetOperatingIncomePercentage>-0.28</mostRecentDebtServiceCoverageNetOperatingIncomePercentage>
   <debtServiceCoverageNetCashFlowSecuritizationPercentage>1.79</debtServiceCoverageNetCashFlowSecuritizationPercentage>
   <mostRecentDebtServiceCoverageNetCashFlowpercentage>-0.28</mostRecentDebtServiceCoverageNetCashFlowpercentage>
   <debtServiceCoverageSecuritizationCode>C</debtServiceCoverageSecuritizationCode>
   <mostRecentDebtServiceCoverageCode>C</mostRecentDebtServiceCoverageCode>
   <mostRecentAnnualLeaseRolloverReviewDate>08-04-2015</mostRecentAnnualLeaseRolloverReviewDate>
  </property>
  <assetAddedIndicator>true</assetAddedIndicator>
  <reportPeriodModificationIndicator>false</reportPeriodModificationIndicator>
  <reportPeriodBeginningScheduleLoanBalanceAmount>247304.17</reportPeriodBeginningScheduleLoanBalanceAmount>
  <totalScheduledPrincipalInterestDueAmount>247304.17</totalScheduledPrincipalInterestDueAmount>
  <reportPeriodInterestRatePercentage>0.0417</reportPeriodInterestRatePercentage>
  <servicerTrusteeFeeRatePercentage>0.0002</servicerTrusteeFeeRatePercentage>
  <scheduledInterestAmount>247304.17</scheduledInterestAmount>
  <reportPeriodEndActualBalanceAmount>70000000.00</reportPeriodEndActualBalanceAmount>
  <reportPeriodEndScheduledLoanBalanceAmount>70000000.00</reportPeriodEndScheduledLoanBalanceAmount>
  <paidThroughDate>09-11-2015</paidThroughDate>
  <servicingAdvanceMethodCode>1</servicingAdvanceMethodCode>
  <nonRecoverabilityIndicator>false</nonRecoverabilityIndicator>
  <primaryServicerName>WF</primaryServicerName>
  <assetSubjectDemandIndicator>false</assetSubjectDemandIndicator>
 </assets>
 <assets>
  <assetTypeNumber>Prospectus Loan ID</assetTypeNumber>
  <assetNumber>2</assetNumber>
  <reportingPeriodBeginningDate>05-12-2016</reportingPeriodBeginningDate>
  <reportingPeriodEndDate>06-11-2016</reportingPeriodEndDate>
  <originatorName>RMF</originatorName>
  <originationDate>10-01-2015</originationDate>
  <originalLoanAmount>60000000.00</originalLoanAmount>
  <originalTermLoanNumber>120</originalTermLoanNumber>
  <maturityDate>10-06-2025</maturityDate>
  <originalAmortizationTermNumber>360</originalAmortizationTermNumber>
  <originalInterestRatePercentage>0.0499</originalInterestRatePercentage>
  <interestRateSecuritizationPercentage>0.0499</interestRateSecuritizationPercentage>
  <interestAccrualMethodCode>3</interestAccrualMethodCode>
  <originalInterestRateTypeCode>1</originalInterestRateTypeCode>
  <originalInterestOnlyTermNumber>96</originalInterestOnlyTermNumber>

  <firstLoanPaymentDueDate>09-11-2015</firstLoanPaymentDueDate>
  <underwritingIndicator>true</underwritingIndicator>
  <lienPositionSecuritizationCode>1</lienPositionSecuritizationCode>
  <loanStructureCode>A1</loanStructureCode>
  <paymentTypeCode>5</paymentTypeCode>
  <periodicPrincipalAndInterestPaymentSecuritizationAmount>321726.38</periodicPrincipalAndInterestPaymentSecuritizationAmount>
  <scheduledPrincipalBalanceSecuritizationAmount>60000000.00</scheduledPrincipalBalanceSecuritizationAmount>
  <paymentFrequencyCode>1</paymentFrequencyCode>
  <NumberPropertiesSecuritization>1</NumberPropertiesSecuritization>
  <NumberProperties>1</NumberProperties>
  <graceDaysAllowedNumber>0</graceDaysAllowedNumber>
  <interestOnlyIndicator>true</interestOnlyIndicator>
  <balloonIndicator>true</balloonIndicator>
  <prepaymentPremiumIndicator>true</prepaymentPremiumIndicator>
  <negativeAmortizationIndicator>false</negativeAmortizationIndicator>
  <modifiedIndicator>false</modifiedIndicator>
  <prepaymentLockOutEndDate>12-01-2020</prepaymentLockOutEndDate>
  <yieldMaintenanceEndDate>11-30-2020</yieldMaintenanceEndDate>
  <prepaymentPremiumsEndDate>11-30-2020</prepaymentPremiumsEndDate>
  <property>
   <propertyName>Sheraton Lincoln Harbor Hotel</propertyName>
   <propertyAddress>500 Harbor Boulevard</propertyAddress>
   <propertyCity>Weehawken</propertyCity>
   <propertyState>NJ</propertyState>
   <propertyZip>7086</propertyZip>
   <propertyCounty>Ocean</propertyCounty>
   <propertyTypeCode>98</propertyTypeCode>
   <netRentableSquareFeetNumber>0</netRentableSquareFeetNumber>
   <netRentableSquareFeetSecuritizationNumber>0</netRentableSquareFeetSecuritizationNumber>
   <unitsBedsRoomsNumber>358</unitsBedsRoomsNumber>
   <unitsBedsRoomsSecuritizationNumber>358</unitsBedsRoomsSecuritizationNumber>
   <yearBuiltNumber>1991</yearBuiltNumber>
   <yearLastRenovated>2015</yearLastRenovated>
   <valuationSecuritizationAmount>128000000.00</valuationSecuritizationAmount>
   <valuationSourceSecuritizationCode>MAI</valuationSourceSecuritizationCode>
   <valuationSecuritizationDate>05-29-2015</valuationSecuritizationDate>
   <physicalOccupancySecuritizationPercentage>0.839</physicalOccupancySecuritizationPercentage>
   <mostRecentPhysicalOccupancyPercentage>0.839</mostRecentPhysicalOccupancyPercentage>
   <propertyStatusCode>6</propertyStatusCode>
   <defeasanceOptionStartDate>12-01-2018</defeasanceOptionStartDate>
   <DefeasedStatusCode>N</DefeasedStatusCode>
   <financialsSecuritizationDate>01-01-2015</financialsSecuritizationDate>
   <mostRecentFinancialsStartDate>05-01-2015</mostRecentFinancialsStartDate>
   <mostRecentFinancialsEndDate>07-31-2015</mostRecentFinancialsEndDate>
   <revenueSecuritizationAmount>22491786.00</revenueSecuritizationAmount>
   <mostRecentRevenueAmount>21537690.00</mostRecentRevenueAmount>
   <operatingExpensesSecuritizationAmount>13268309.09</operatingExpensesSecuritizationAmount>
   <operatingExpensesAmount>12888669.00</operatingExpensesAmount>
   <netOperatingIncomeSecuritizationAmount>9223477.00</netOperatingIncomeSecuritizationAmount>
   <mostRecentNetOperatingIncomeAmount>8649021.00</mostRecentNetOperatingIncomeAmount>
   <netCashFlowFlowSecuritizationAmount>8211347.00</netCashFlowFlowSecuritizationAmount>
   <mostRecentNetCashFlowAmount>7684268.00</mostRecentNetCashFlowAmount>
   <netOperatingIncomeNetCashFlowSecuritizationCode>UW</netOperatingIncomeNetCashFlowSecuritizationCode>
   <netOperatingIncomeNetCashFlowCode>UW</netOperatingIncomeNetCashFlowCode>
   <mostRecentDebtServiceAmount>321726.38</mostRecentDebtServiceAmount>
   <debtServiceCoverageNetOperatingIncomeSecuritizationPercentage>1.79</debtServiceCoverageNetOperatingIncomeSecuritizationPercentage>
   <mostRecentDebtServiceCoverageNetOperatingIncomePercentage>26.88</mostRecentDebtServiceCoverageNetOperatingIncomePercentage>
   <debtServiceCoverageNetCashFlowSecuritizationPercentage>1.6</debtServiceCoverageNetCashFlowSecuritizationPercentage>
   <mostRecentDebtServiceCoverageNetCashFlowpercentage>23.88</mostRecentDebtServiceCoverageNetCashFlowpercentage>
   <debtServiceCoverageSecuritizationCode>C</debtServiceCoverageSecuritizationCode>
   <mostRecentDebtServiceCoverageCode>C</mostRecentDebtServiceCoverageCode>
   <mostRecentAnnualLeaseRolloverReviewDate>07-31-2015</mostRecentAnnualLeaseRolloverReviewDate>
  </property>
  <assetAddedIndicator>true</assetAddedIndicator>
  <reportPeriodModificationIndicator>false</reportPeriodModificationIndicator>
  <reportPeriodBeginningScheduleLoanBalanceAmount>321726.38</reportPeriodBeginningScheduleLoanBalanceAmount>
  <totalScheduledPrincipalInterestDueAmount>321726.38</totalScheduledPrincipalInterestDueAmount>
  <reportPeriodInterestRatePercentage>0.0499</reportPeriodInterestRatePercentage>
  <servicerTrusteeFeeRatePercentage>0.0002</servicerTrusteeFeeRatePercentage>
  <scheduledInterestAmount>321726.38</scheduledInterestAmount>
  <reportPeriodEndActualBalanceAmount>60000000.00</reportPeriodEndActualBalanceAmount>
  <reportPeriodEndScheduledLoanBalanceAmount>60000000.00</reportPeriodEndScheduledLoanBalanceAmount>
  <paidThroughDate>11-06-2015</paidThroughDate>
  <servicingAdvanceMethodCode>1</servicingAdvanceMethodCode>
  <nonRecoverabilityIndicator>false</nonRecoverabilityIndicator>
  <primaryServicerName>WF</primaryServicerName>
  <assetSubjectDemandIndicator>false</assetSubjectDemandIndicator>
 </assets>
 <assets>
  <assetTypeNumber>Prospectus Loan ID</assetTypeNumber>
  <assetNumber>3</assetNumber>
  <reportingPeriodBeginningDate>05-12-2016</reportingPeriodBeginningDate>
  <reportingPeriodEndDate>06-11-2016</reportingPeriodEndDate>
  <originatorName>WFB</originatorName>
  <originationDate>09-10-2015</originationDate>
  <originalLoanAmount>45000000.00</originalLoanAmount>
  <originalTermLoanNumber>120</originalTermLoanNumber>
  <maturityDate>09-11-2025</maturityDate>
  <originalAmortizationTermNumber>0</originalAmortizationTermNumber>
  <originalInterestRatePercentage>0.0475</originalInterestRatePercentage>
  <interestRateSecuritizationPercentage>0.0475</interestRateSecuritizationPercentage>
  <interestAccrualMethodCode>3</interestAccrualMethodCode>
  <originalInterestRateTypeCode>1</originalInterestRateTypeCode>
  <originalInterestOnlyTermNumber>120</originalInterestOnlyTermNumber>
  <firstLoanPaymentDueDate>09-10-2015</firstLoanPaymentDueDate>
  <underwritingIndicator>true</underwritingIndicator>
  <lienPositionSecuritizationCode>1</lienPositionSecuritizationCode>
  <loanStructureCode>A1</loanStructureCode>
  <paymentTypeCode>3</paymentTypeCode>
  <periodicPrincipalAndInterestPaymentSecuritizationAmount>181093.75</periodicPrincipalAndInterestPaymentSecuritizationAmount>
  <scheduledPrincipalBalanceSecuritizationAmount>45000000.00</scheduledPrincipalBalanceSecuritizationAmount>
  <paymentFrequencyCode>1</paymentFrequencyCode>
  <NumberPropertiesSecuritization>1</NumberPropertiesSecuritization>
  <NumberProperties>1</NumberProperties>
  <graceDaysAllowedNumber>5</graceDaysAllowedNumber>
  <interestOnlyIndicator>true</interestOnlyIndicator>
  <balloonIndicator>true</balloonIndicator>
  <prepaymentPremiumIndicator>true</prepaymentPremiumIndicator>
  <negativeAmortizationIndicator>false</negativeAmortizationIndicator>
  <modifiedIndicator>false</modifiedIndicator>
  <armIndexCode>Z</armIndexCode>
  <prepaymentLockOutEndDate>12-01-2020</prepaymentLockOutEndDate>
  <yieldMaintenanceEndDate>11-30-2020</yieldMaintenanceEndDate>
  <prepaymentPremiumsEndDate>11-30-2020</prepaymentPremiumsEndDate>
  <property>
   <propertyName>CityPlace I</propertyName>
   <propertyAddress>185 Asylum Street</propertyAddress>
   <propertyCity>Hartford</propertyCity>
   <propertyState>CT</propertyState>
   <propertyZip>06103</propertyZip>
   <propertyCounty>Burke</propertyCounty>
   <propertyTypeCode>OF</propertyTypeCode>
   <netRentableSquareFeetNumber>884366</netRentableSquareFeetNumber>
   <netRentableSquareFeetSecuritizationNumber>884366</netRentableSquareFeetSecuritizationNumber>
   <unitsBedsRoomsNumber>0</unitsBedsRoomsNumber>
   <unitsBedsRoomsSecuritizationNumber>0</unitsBedsRoomsSecuritizationNumber>
   <yearBuiltNumber>1983</yearBuiltNumber>
   <yearLastRenovated>2010</yearLastRenovated>
   <valuationSecuritizationAmount>114500000.00</valuationSecuritizationAmount>
   <valuationSourceSecuritizationCode>MAI</valuationSourceSecuritizationCode>
   <valuationSecuritizationDate>05-20-2016</valuationSecuritizationDate>
   <physicalOccupancySecuritizationPercentage>0.94</physicalOccupancySecuritizationPercentage>
   <mostRecentPhysicalOccupancyPercentage>0.94</mostRecentPhysicalOccupancyPercentage>
   <propertyStatusCode>6</propertyStatusCode>
   <defeasanceOptionStartDate>12-01-2018</defeasanceOptionStartDate>
   <DefeasedStatusCode>N</DefeasedStatusCode>
   <largestTenant>United Healthcare Services, Inc</largestTenant>
   <squareFeetLargestTenantNumber>444735</squareFeetLargestTenantNumber>
   <leaseExpirationLargestTenantDate>04-30-2023</leaseExpirationLargestTenantDate>
   <secondLargestTenant>Bank of America</secondLargestTenant>
   <squareFeetSecondLargestTenantNumber>68931</squareFeetSecondLargestTenantNumber>
   <leaseExpirationSecondLargestTenantDate>03-31-2018</leaseExpirationSecondLargestTenantDate>
   <thirdLargestTenant>McCarter &amp; English LLP</thirdLargestTenant>
   <squareFeetThirdLargestTenantNumber>46443</squareFeetThirdLargestTenantNumber>
   <leaseExpirationThirdLargestTenantDate>10-31-2018</leaseExpirationThirdLargestTenantDate>
   <financialsSecuritizationDate>01-01-2015</financialsSecuritizationDate>
   <mostRecentFinancialsStartDate>05-01-2015</mostRecentFinancialsStartDate>
   <mostRecentFinancialsEndDate>07-31-2015</mostRecentFinancialsEndDate>
   <revenueSecuritizationAmount>22053021.00</revenueSecuritizationAmount>
   <mostRecentRevenueAmount>21936948.00</mostRecentRevenueAmount>
   <operatingExpensesSecuritizationAmount>13489391.00</operatingExpensesSecuritizationAmount>
   <operatingExpensesAmount>13415233.00</operatingExpensesAmount>
   <netOperatingIncomeSecuritizationAmount>8563631.00</netOperatingIncomeSecuritizationAmount>
   <mostRecentNetOperatingIncomeAmount>8521715.00</mostRecentNetOperatingIncomeAmount>
   <netCashFlowFlowSecuritizationAmount>7155402.00</netCashFlowFlowSecuritizationAmount>
   <mostRecentNetCashFlowAmount>8521715.00</mostRecentNetCashFlowAmount>
   <netOperatingIncomeNetCashFlowSecuritizationCode>UW</netOperatingIncomeNetCashFlowSecuritizationCode>
   <netOperatingIncomeNetCashFlowCode>UW</netOperatingIncomeNetCashFlowCode>
   <mostRecentDebtServiceAmount>181093.75</mostRecentDebtServiceAmount>
   <debtServiceCoverageNetOperatingIncomeSecuritizationPercentage>2.24</debtServiceCoverageNetOperatingIncomeSecuritizationPercentage>
   <mostRecentDebtServiceCoverageNetOperatingIncomePercentage>47.06</mostRecentDebtServiceCoverageNetOperatingIncomePercentage>
   <debtServiceCoverageNetCashFlowSecuritizationPercentage>1.87</debtServiceCoverageNetCashFlowSecuritizationPercentage>
   <mostRecentDebtServiceCoverageNetCashFlowpercentage>47.06</mostRecentDebtServiceCoverageNetCashFlowpercentage>
   <debtServiceCoverageSecuritizationCode>C</debtServiceCoverageSecuritizationCode>
   <mostRecentDebtServiceCoverageCode>C</mostRecentDebtServiceCoverageCode>
   <mostRecentAnnualLeaseRolloverReviewDate>08-01-2015</mostRecentAnnualLeaseRolloverReviewDate>
  </property>
  <assetAddedIndicator>true</assetAddedIndicator>
  <reportPeriodModificationIndicator>false</reportPeriodModificationIndicator>
  <reportPeriodBeginningScheduleLoanBalanceAmount>181093.75</reportPeriodBeginningScheduleLoanBalanceAmount>
  <totalScheduledPrincipalInterestDueAmount>181093.75</totalScheduledPrincipalInterestDueAmount>
  <reportPeriodInterestRatePercentage>0.0475</reportPeriodInterestRatePercentage>
  <servicerTrusteeFeeRatePercentage>0.0002</servicerTrusteeFeeRatePercentage>
  <scheduledInterestAmount>181093.75</scheduledInterestAmount>
  <reportPeriodEndActualBalanceAmount>45000000.00</reportPeriodEndActualBalanceAmount>
  <reportPeriodEndScheduledLoanBalanceAmount>45000000.00</reportPeriodEndScheduledLoanBalanceAmount>
  <paidThroughDate>10-11-2015</paidThroughDate>
  <servicingAdvanceMethodCode>1</servicingAdvanceMethodCode>
  <nonRecoverabilityIndicator>false</nonRecoverabilityIndicator>
  <primaryServicerName>WF</primaryServicerName>
  <assetSubjectDemandIndicator>false</assetSubjectDemandIndicator>
 </assets>
 <assets>
  <assetTypeNumber>Prospectus Loan ID</assetTypeNumber>
  <assetNumber>4</assetNumber>
  <reportingPeriodBeginningDate>05-12-2016</reportingPeriodBeginningDate>
  <reportingPeriodEndDate>06-11-2016</reportingPeriodEndDate>
  <originatorName>SG</originatorName>
  <originationDate>10-09-2015</originationDate>
  <originalLoanAmount>32625000.00</originalLoanAmount>
  <originalTermLoanNumber>120</originalTermLoanNumber>
  <maturityDate>11-01-2025</maturityDate>
  <originalAmortizationTermNumber>360</originalAmortizationTermNumber>
  <originalInterestRatePercentage>0.046</originalInterestRatePercentage>
  <interestRateSecuritizationPercentage>0.046</interestRateSecuritizationPercentage>
  <interestAccrualMethodCode>3</interestAccrualMethodCode>
  <originalInterestRateTypeCode>1</originalInterestRateTypeCode>
  <originalInterestOnlyTermNumber>0</originalInterestOnlyTermNumber>
  <firstLoanPaymentDueDate>09-12-2015</firstLoanPaymentDueDate>
  <underwritingIndicator>true</underwritingIndicator>
  <lienPositionSecuritizationCode>1</lienPositionSecuritizationCode>
  <loanStructureCode>A1</loanStructureCode>
  <paymentTypeCode>2</paymentTypeCode>
  <periodicPrincipalAndInterestPaymentSecuritizationAmount>167250.23</periodicPrincipalAndInterestPaymentSecuritizationAmount>
  <scheduledPrincipalBalanceSecuritizationAmount>32625000.00</scheduledPrincipalBalanceSecuritizationAmount>
  <paymentFrequencyCode>1</paymentFrequencyCode>
  <NumberPropertiesSecuritization>1</NumberPropertiesSecuritization>
  <NumberProperties>1</NumberProperties>
  <graceDaysAllowedNumber>5</graceDaysAllowedNumber>
  <interestOnlyIndicator>false</interestOnlyIndicator>
  <balloonIndicator>true</balloonIndicator>
  <prepaymentPremiumIndicator>true</prepaymentPremiumIndicator>
  <negativeAmortizationIndicator>false</negativeAmortizationIndicator>
  <modifiedIndicator>false</modifiedIndicator>
  <prepaymentLockOutEndDate>12-01-2020</prepaymentLockOutEndDate>
  <yieldMaintenanceEndDate>11-30-2020</yieldMaintenanceEndDate>
  <prepaymentPremiumsEndDate>11-30-2020</prepaymentPremiumsEndDate>
  <property>
   <propertyName>Courtyard Marriott - Tacoma</propertyName>
   <propertyAddress>1515 Commerce Street</propertyAddress>
   <propertyCity>Tacoma</propertyCity>
   <propertyState>WA</propertyState>
   <propertyZip>98402</propertyZip>
   <propertyCounty>Lincoln</propertyCounty>
   <propertyTypeCode>98</propertyTypeCode>
   <netRentableSquareFeetNumber>0</netRentableSquareFeetNumber>
   <netRentableSquareFeetSecuritizationNumber>0</netRentableSquareFeetSecuritizationNumber>
   <unitsBedsRoomsNumber>162</unitsBedsRoomsNumber>
   <unitsBedsRoomsSecuritizationNumber>162</unitsBedsRoomsSecuritizationNumber>
   <yearBuiltNumber>2005</yearBuiltNumber>
   <yearLastRenovated>2015</yearLastRenovated>
   <valuationSecuritizationAmount>45000000.00</valuationSecuritizationAmount>
   <valuationSourceSecuritizationCode>MAI</valuationSourceSecuritizationCode>
   <valuationSecuritizationDate>05-29-2015</valuationSecuritizationDate>
   <physicalOccupancySecuritizationPercentage>0.812</physicalOccupancySecuritizationPercentage>
   <mostRecentPhysicalOccupancyPercentage>0.812</mostRecentPhysicalOccupancyPercentage>
   <propertyStatusCode>6</propertyStatusCode>
   <defeasanceOptionStartDate>12-01-2018</defeasanceOptionStartDate>
   <DefeasedStatusCode>N</DefeasedStatusCode>
   <financialsSecuritizationDate>01-01-2015</financialsSecuritizationDate>
   <mostRecentFinancialsStartDate>04-01-2015</mostRecentFinancialsStartDate>
   <mostRecentFinancialsEndDate>06-30-2015</mostRecentFinancialsEndDate>
   <revenueSecuritizationAmount>9276386.00</revenueSecuritizationAmount>
   <mostRecentRevenueAmount>9276386.00</mostRecentRevenueAmount>
   <operatingExpensesSecuritizationAmount>5582745.00</operatingExpensesSecuritizationAmount>
   <operatingExpensesAmount>5451792.00</operatingExpensesAmount>
   <netOperatingIncomeSecuritizationAmount>3693641.00</netOperatingIncomeSecuritizationAmount>
   <mostRecentNetOperatingIncomeAmount>3824594.00</mostRecentNetOperatingIncomeAmount>
   <netCashFlowFlowSecuritizationAmount>3229822.00</netCashFlowFlowSecuritizationAmount>
   <mostRecentNetCashFlowAmount>3824594.00</mostRecentNetCashFlowAmount>
   <netOperatingIncomeNetCashFlowSecuritizationCode>UW</netOperatingIncomeNetCashFlowSecuritizationCode>
   <netOperatingIncomeNetCashFlowCode>UW</netOperatingIncomeNetCashFlowCode>
   <mostRecentDebtServiceAmount>167250.23</mostRecentDebtServiceAmount>
   <debtServiceCoverageNetOperatingIncomeSecuritizationPercentage>1.84</debtServiceCoverageNetOperatingIncomeSecuritizationPercentage>
   <mostRecentDebtServiceCoverageNetOperatingIncomePercentage>22.87</mostRecentDebtServiceCoverageNetOperatingIncomePercentage>
   <debtServiceCoverageNetCashFlowSecuritizationPercentage>1.61</debtServiceCoverageNetCashFlowSecuritizationPercentage>
   <mostRecentDebtServiceCoverageNetCashFlowpercentage>22.87</mostRecentDebtServiceCoverageNetCashFlowpercentage>
   <debtServiceCoverageSecuritizationCode>C</debtServiceCoverageSecuritizationCode>
   <mostRecentDebtServiceCoverageCode>C</mostRecentDebtServiceCoverageCode>
   <mostRecentAnnualLeaseRolloverReviewDate>07-16-2015</mostRecentAnnualLeaseRolloverReviewDate>
  </property>
  <assetAddedIndicator>true</assetAddedIndicator>
  <reportPeriodModificationIndicator>false</reportPeriodModificationIndicator>
  <reportPeriodBeginningScheduleLoanBalanceAmount>67250.23</reportPeriodBeginningScheduleLoanBalanceAmount>
  <totalScheduledPrincipalInterestDueAmount>167250.23</totalScheduledPrincipalInterestDueAmount>
  <reportPeriodInterestRatePercentage>0.046</reportPeriodInterestRatePercentage>
  <servicerTrusteeFeeRatePercentage>0.0002</servicerTrusteeFeeRatePercentage>
  <scheduledInterestAmount>67250.23</scheduledInterestAmount>
  <scheduledPrincipalAmount>100000.00</scheduledPrincipalAmount>
  <reportPeriodEndActualBalanceAmount>32625000.00</reportPeriodEndActualBalanceAmount>
  <reportPeriodEndScheduledLoanBalanceAmount>32625000.00</reportPeriodEndScheduledLoanBalanceAmount>
  <paidThroughDate>12-01-2015</paidThroughDate>
  <servicingAdvanceMethodCode>1</servicingAdvanceMethodCode>
  <nonRecoverabilityIndicator>false</nonRecoverabilityIndicator>
  <primaryServicerName>WF</primaryServicerName>
  <assetSubjectDemandIndicator>false</assetSubjectDemandIndicator>
 </assets>
</assetData>