<assetData xmlns="http://www.sec.gov/edgar/document/absee/cmbs/assetdata" xmlns:xsi="http://www.w3.org/2001/XMLSchema-instance" xsi:schemaLocation="http://www.sec.gov/edgar/document/absee/cmbs/assetdata ../schema/eis_ABS_CMBSAssetData.xsd">
<assets>
<assetTypeNumber>CONA</assetTypeNumber>
<assetNumber>4948484951485752525052521</assetNumber>
<GroupID>464</GroupID>
<reportingPeriodBeginningDate>02-01-2021</reportingPeriodBeginningDate>
<reportingPeriodEndDate>02-28-2021</reportingPeriodEndDate>
<originatorName>CONA</originatorName>
<originationDate>07-20-2018</originationDate>
<originalLoanAmount>22313.98000000</originalLoanAmount>
<originalTermLoanNumber>60</originalTermLoanNumber>
<maturityDate>06-02-2023</maturityDate>
<originalAmortizationTermNumber>60</originalAmortizationTermNumber>
<originalInterestRatePercentage>0.02950000</originalInterestRatePercentage>
<interestRateSecuritizationPercentage>0.560000</interestRateSecuritizationPercentage>
<interestAccrualMethodCode>3</interestAccrualMethodCode>
<originalInterestRateTypeCode>1</originalInterestRateTypeCode>
<originalInterestOnlyTermNumber>0</originalInterestOnlyTermNumber>
<firstLoanPaymentDueDate>07-01-2018</firstLoanPaymentDueDate>
<underwritingIndicator>true</underwritingIndicator>
<lienPositionSecuritizationCode>3</lienPositionSecuritizationCode>
<loanStructureCode>A2</loanStructureCode>
<paymentTypeCode>2</paymentTypeCode>
<periodicPrincipalAndInterestPaymentSecuritizationAmount>2423.98732</periodicPrincipalAndInterestPaymentSecuritizationAmount>
<scheduledPrincipalBalanceSecuritizationAmount>324.324234</scheduledPrincipalBalanceSecuritizationAmount>
<paymentFrequencyCode>6</paymentFrequencyCode>
<NumberPropertiesSecuritization>435</NumberPropertiesSecuritization>
<NumberProperties>89</NumberProperties>
<graceDaysAllowedNumber>80</graceDaysAllowedNumber>
<interestOnlyIndicator>false</interestOnlyIndicator>
<balloonIndicator>true</balloonIndicator>
<prepaymentPremiumIndicator>true</prepaymentPremiumIndicator>
<negativeAmortizationIndicator>false</negativeAmortizationIndicator>
<modifiedIndicator>true</modifiedIndicator>
<armIndexCode>C</armIndexCode>
<firstRateAdjustmentDate>07-20-2020</firstRateAdjustmentDate>
<firstPaymentAdjustmentDate>08-12-2020</firstPaymentAdjustmentDate>
<armMarginNumber>54.8890</armMarginNumber>
<lifetimeRateCapPercentage>0.98000</lifetimeRateCapPercentage>
<lifetimeRateFloorPercentage>0.6000</lifetimeRateFloorPercentage>
<periodicRateIncreaseLimitPercentage>0.37876</periodicRateIncreaseLimitPercentage>
<periodicRateDecreaseLimitPercentage>0.23434</periodicRateDecreaseLimitPercentage>
<periodicPaymentAdjustmentMaximumAmount>5645634</periodicPaymentAdjustmentMaximumAmount>
<periodicPaymentAdjustmentMaximumPercent>0.86</periodicPaymentAdjustmentMaximumPercent>
<rateResetFrequencyCode>3</rateResetFrequencyCode>
<paymentResetFrequencyCode>6</paymentResetFrequencyCode>
<indexLookbackDaysNumber>90</indexLookbackDaysNumber>
<prepaymentLockOutEndDate>07-20-2021</prepaymentLockOutEndDate>
<yieldMaintenanceEndDate>08-02-2021</yieldMaintenanceEndDate>
<prepaymentPremiumsEndDate>09-12-2021</prepaymentPremiumsEndDate>
<maximumNegativeAmortizationAllowedPercentage>0.890000</maximumNegativeAmortizationAllowedPercentage>
<maximumNegativeAmortizationAllowedAmount>98789.97987</maximumNegativeAmortizationAllowedAmount>
<negativeAmortizationDeferredInterestCapAmount>234.32</negativeAmortizationDeferredInterestCapAmount>
<deferredInterestCumulativeAmount>9800</deferredInterestCumulativeAmount>
<deferredInterestCollectedAmount>200923</deferredInterestCollectedAmount>
<assetAddedIndicator>false</assetAddedIndicator>
<reportPeriodModificationIndicator>false</reportPeriodModificationIndicator>
<reportPeriodBeginningScheduleLoanBalanceAmount>43534.3463</reportPeriodBeginningScheduleLoanBalanceAmount>
<totalScheduledPrincipalInterestDueAmount>5546464</totalScheduledPrincipalInterestDueAmount>
<reportPeriodInterestRatePercentage>0.998</reportPeriodInterestRatePercentage>
<servicerTrusteeFeeRatePercentage>0.65657</servicerTrusteeFeeRatePercentage>
<scheduledInterestAmount>0.00000000</scheduledInterestAmount>
<otherInterestAdjustmentAmount>0.00000000</otherInterestAdjustmentAmount>
<scheduledPrincipalAmount>0.00000000</scheduledPrincipalAmount>
<unscheduledPrincipalCollectedAmount>0.0000000</unscheduledPrincipalCollectedAmount>
<otherPrincipalAdjustmentAmount>0.0000000</otherPrincipalAdjustmentAmount>
<reportPeriodEndActualBalanceAmount>0.0000000</reportPeriodEndActualBalanceAmount>
<reportPeriodEndScheduledLoanBalanceAmount>43543.4098</reportPeriodEndScheduledLoanBalanceAmount>
<paidThroughDate>11-14-2020</paidThroughDate>
<hyperAmortizingDate>12-14-2020</hyperAmortizingDate>
<servicingAdvanceMethodCode>1</servicingAdvanceMethodCode>
<nonRecoverabilityIndicator>false</nonRecoverabilityIndicator>
<totalPrincipalInterestAdvancedOutstandingAmount>324.432</totalPrincipalInterestAdvancedOutstandingAmount>
<totalTaxesInsuranceAdvancesOutstandingAmount>4.643</totalTaxesInsuranceAdvancesOutstandingAmount>
<otherExpensesAdvancedOutstandingAmount>20.00000</otherExpensesAdvancedOutstandingAmount>
<paymentStatusLoanCode>2</paymentStatusLoanCode>
<armIndexRatePercentage>0.800000</armIndexRatePercentage>
<nextInterestRatePercentage>0.5600</nextInterestRatePercentage>
<nextInterestRateChangeAdjustmentDate>12-14-2019</nextInterestRateChangeAdjustmentDate>
<nextPaymentAdjustmentDate>12-18-2019</nextPaymentAdjustmentDate>
<primaryServicerName>Test</primaryServicerName>
<mostRecentSpecialServicerTransferDate>11-14-2019</mostRecentSpecialServicerTransferDate>
<mostRecentMasterServicerReturnDate>11-14-2018</mostRecentMasterServicerReturnDate>
<assetSubjectDemandIndicator>false</assetSubjectDemandIndicator>
<assetSubjectDemandStatusCode>1</assetSubjectDemandStatusCode>
<repurchaseAmount>200</repurchaseAmount>
<demandResolutionDate>11-14-2019</demandResolutionDate>
<repurchaserName>Erica</repurchaserName>
<repurchaseReplacementReasonCode>2</repurchaseReplacementReasonCode>
<realizedLossToTrustAmount>0.00000</realizedLossToTrustAmount>
<liquidationPrepaymentCode>2</liquidationPrepaymentCode>
<liquidationPrepaymentDate>10-14-2019</liquidationPrepaymentDate>
<prepaymentPremiumYieldMaintenanceReceivedAmount>20.00009</prepaymentPremiumYieldMaintenanceReceivedAmount>
<workoutStrategyCode>3</workoutStrategyCode>
<lastModificationDate>10-14-2018</lastModificationDate>
<modificationCode>2</modificationCode>
<modificationCode>10</modificationCode>
<postModificationInterestPercentage>0.800000</postModificationInterestPercentage>
<postModificationPaymentAmount>0.0000</postModificationPaymentAmount>
<postModificationMaturityDate>10-14-2021</postModificationMaturityDate>
<postModificationAmortizationPeriodAmount>20.43543</postModificationAmortizationPeriodAmount>
</assets>
<assets>
<assetTypeNumber>CONA</assetTypeNumber>
<assetNumber>4948484951485752525052521</assetNumber>
<GroupID>464</GroupID>
<reportingPeriodBeginningDate>02-01-2021</reportingPeriodBeginningDate>
<reportingPeriodEndDate>02-28-2021</reportingPeriodEndDate>
<originatorName>CONA</originatorName>
<originationDate>07-02-2018</originationDate>
<originalLoanAmount>22313.98000000</originalLoanAmount>
<originalTermLoanNumber>60</originalTermLoanNumber>
<maturityDate>06-10-2023</maturityDate>
<originalAmortizationTermNumber>60</originalAmortizationTermNumber>
<originalInterestRatePercentage>0.02950000</originalInterestRatePercentage>
<interestRateSecuritizationPercentage>0.560000</interestRateSecuritizationPercentage>
<interestAccrualMethodCode>3</interestAccrualMethodCode>
<originalInterestRateTypeCode>1</originalInterestRateTypeCode>
<originalInterestOnlyTermNumber>0</originalInterestOnlyTermNumber>
<firstLoanPaymentDueDate>07-20-2018</firstLoanPaymentDueDate>
<underwritingIndicator>true</underwritingIndicator>
<lienPositionSecuritizationCode>3</lienPositionSecuritizationCode>
<loanStructureCode>A2</loanStructureCode>
<paymentTypeCode>2</paymentTypeCode>
<periodicPrincipalAndInterestPaymentSecuritizationAmount>2423.98732</periodicPrincipalAndInterestPaymentSecuritizationAmount>
<scheduledPrincipalBalanceSecuritizationAmount>324.324234</scheduledPrincipalBalanceSecuritizationAmount>
<paymentFrequencyCode>6</paymentFrequencyCode>
<NumberPropertiesSecuritization>435</NumberPropertiesSecuritization>
<NumberProperties>89</NumberProperties>
<graceDaysAllowedNumber>80</graceDaysAllowedNumber>
<interestOnlyIndicator>false</interestOnlyIndicator>
<balloonIndicator>true</balloonIndicator>
<prepaymentPremiumIndicator>true</prepaymentPremiumIndicator>
<negativeAmortizationIndicator>false</negativeAmortizationIndicator>
<modifiedIndicator>true</modifiedIndicator>
<armIndexCode>C</armIndexCode>
<firstRateAdjustmentDate>07-20-2020</firstRateAdjustmentDate>
<firstPaymentAdjustmentDate>08-12-2020</firstPaymentAdjustmentDate>
<armMarginNumber>54.8890</armMarginNumber>
<lifetimeRateCapPercentage>0.98000</lifetimeRateCapPercentage>
<lifetimeRateFloorPercentage>0.6000</lifetimeRateFloorPercentage>
<periodicRateIncreaseLimitPercentage>0.37876</periodicRateIncreaseLimitPercentage>
<periodicRateDecreaseLimitPercentage>0.23434</periodicRateDecreaseLimitPercentage>
<periodicPaymentAdjustmentMaximumAmount>5645634</periodicPaymentAdjustmentMaximumAmount>
<periodicPaymentAdjustmentMaximumPercent>0.86</periodicPaymentAdjustmentMaximumPercent>
<rateResetFrequencyCode>3</rateResetFrequencyCode>
<paymentResetFrequencyCode>6</paymentResetFrequencyCode>
<indexLookbackDaysNumber>90</indexLookbackDaysNumber>
<prepaymentLockOutEndDate>07-02-2021</prepaymentLockOutEndDate>
<yieldMaintenanceEndDate>08-03-2021</yieldMaintenanceEndDate>
<prepaymentPremiumsEndDate>09-10-2021</prepaymentPremiumsEndDate>
<maximumNegativeAmortizationAllowedPercentage>0.890000</maximumNegativeAmortizationAllowedPercentage>
<maximumNegativeAmortizationAllowedAmount>98789.97987</maximumNegativeAmortizationAllowedAmount>
<negativeAmortizationDeferredInterestCapAmount>234.32</negativeAmortizationDeferredInterestCapAmount>
<deferredInterestCumulativeAmount>9800</deferredInterestCumulativeAmount>
<deferredInterestCollectedAmount>200923</deferredInterestCollectedAmount>
<assetAddedIndicator>false</assetAddedIndicator>
<reportPeriodModificationIndicator>false</reportPeriodModificationIndicator>
<reportPeriodBeginningScheduleLoanBalanceAmount>43534.3463</reportPeriodBeginningScheduleLoanBalanceAmount>
<totalScheduledPrincipalInterestDueAmount>5546464</totalScheduledPrincipalInterestDueAmount>
<reportPeriodInterestRatePercentage>0.998</reportPeriodInterestRatePercentage>
<servicerTrusteeFeeRatePercentage>0.65657</servicerTrusteeFeeRatePercentage>
<scheduledInterestAmount>0.00000000</scheduledInterestAmount>
<otherInterestAdjustmentAmount>0.00000000</otherInterestAdjustmentAmount>
<scheduledPrincipalAmount>0.00000000</scheduledPrincipalAmount>
<unscheduledPrincipalCollectedAmount>0.0000000</unscheduledPrincipalCollectedAmount>
<otherPrincipalAdjustmentAmount>0.0000000</otherPrincipalAdjustmentAmount>
<reportPeriodEndActualBalanceAmount>0.0000000</reportPeriodEndActualBalanceAmount>
<reportPeriodEndScheduledLoanBalanceAmount>43543.4098</reportPeriodEndScheduledLoanBalanceAmount>
<paidThroughDate>11-14-2020</paidThroughDate>
<hyperAmortizingDate>12-14-2020</hyperAmortizingDate>
<servicingAdvanceMethodCode>1</servicingAdvanceMethodCode>
<nonRecoverabilityIndicator>false</nonRecoverabilityIndicator>
<totalPrincipalInterestAdvancedOutstandingAmount>324.432</totalPrincipalInterestAdvancedOutstandingAmount>
<totalTaxesInsuranceAdvancesOutstandingAmount>4.643</totalTaxesInsuranceAdvancesOutstandingAmount>
<otherExpensesAdvancedOutstandingAmount>20.00000</otherExpensesAdvancedOutstandingAmount>
<paymentStatusLoanCode>2</paymentStatusLoanCode>
<armIndexRatePercentage>0.800000</armIndexRatePercentage>
<nextInterestRatePercentage>0.5600</nextInterestRatePercentage>
<nextInterestRateChangeAdjustmentDate>12-14-2019</nextInterestRateChangeAdjustmentDate>
<nextPaymentAdjustmentDate>12-18-2019</nextPaymentAdjustmentDate>
<primaryServicerName>Test</primaryServicerName>
<mostRecentSpecialServicerTransferDate>11-14-2019</mostRecentSpecialServicerTransferDate>
<mostRecentMasterServicerReturnDate>11-14-2018</mostRecentMasterServicerReturnDate>
<assetSubjectDemandIndicator>false</assetSubjectDemandIndicator>
<assetSubjectDemandStatusCode>1</assetSubjectDemandStatusCode>
<repurchaseAmount>200</repurchaseAmount>
<demandResolutionDate>11-14-2019</demandResolutionDate>
<repurchaserName>Erica</repurchaserName>
<repurchaseReplacementReasonCode>2</repurchaseReplacementReasonCode>
<realizedLossToTrustAmount>0.00000</realizedLossToTrustAmount>
<liquidationPrepaymentCode>2</liquidationPrepaymentCode>
<liquidationPrepaymentDate>10-14-2019</liquidationPrepaymentDate>
<prepaymentPremiumYieldMaintenanceReceivedAmount>20.00009</prepaymentPremiumYieldMaintenanceReceivedAmount>
<workoutStrategyCode>3</workoutStrategyCode>
<lastModificationDate>10-14-2018</lastModificationDate>
<modificationCode>6</modificationCode>
<modificationCode>10</modificationCode>
<postModificationInterestPercentage>0.800000</postModificationInterestPercentage>
<postModificationPaymentAmount>0.0000</postModificationPaymentAmount>
<postModificationMaturityDate>10-14-2021</postModificationMaturityDate>
<postModificationAmortizationPeriodAmount>20.43543</postModificationAmortizationPeriodAmount>
</assets>
</assetData>